{"initial_reset_timestamp": 1582397525.7367868, "timestamps": [1582397529.031362], "episode_lengths": [58], "episode_rewards": [-125.53543042738083], "episode_types": ["t"]}