{"initial_reset_timestamp": 1582463097.597655, "timestamps": [1582463126.694488], "episode_lengths": [715], "episode_rewards": [163.29224815876015], "episode_types": ["t"]}