{"initial_reset_timestamp": 1582461188.311478, "timestamps": [1582461226.00444], "episode_lengths": [1000], "episode_rewards": [140.21891894543913], "episode_types": ["t"]}