{"initial_reset_timestamp": 1582398852.8677068, "timestamps": [1582398862.485803], "episode_lengths": [264], "episode_rewards": [262.3611255684308], "episode_types": ["t"]}